x,y,z,type
-76,-440,0,effector_T_cell
-90,-437,0,M0_macrophage
-175,-414,0,M0_macrophage
-98,-411,0,M0_macrophage
163,-411,0,M0_macrophage
-66,-409,0,effector_T_cell
-18,-407,0,effector_T_cell
61,-406,0,M0_macrophage
-42,-400,0,effector_T_cell
-209,-392,0,effector_T_cell
72,-391,0,effector_T_cell
146,-377,0,M0_macrophage
-238,-376,0,effector_T_cell
-121,-374,0,M0_macrophage
173,-366,0,effector_T_cell
48,-364,0,effector_T_cell
-217,-355,0,effector_T_cell
-2,-347,0,M0_macrophage
-100,-345,0,M0_macrophage
-56,-333,0,effector_T_cell
-161,-328,0,effector_T_cell
303,-323,0,effector_T_cell
240,-322,0,effector_T_cell
-19,-319,0,effector_T_cell
246,-319,0,M0_macrophage
8,-316,0,effector_T_cell
54,-315,0,effector_T_cell
209,-303,0,effector_T_cell
266,-303,0,effector_T_cell
126,-301,0,effector_T_cell
16,-298,0,malignant_epithelial_cell
-25,-297,0,malignant_epithelial_cell
-19,-297,0,malignant_epithelial_cell
39,-297,0,malignant_epithelial_cell
37,-293,0,malignant_epithelial_cell
-177,-292,0,M0_macrophage
-53,-292,0,malignant_epithelial_cell
-33,-292,0,malignant_epithelial_cell
-67,-291,0,malignant_epithelial_cell
-67,-290,0,malignant_epithelial_cell
40,-290,0,malignant_epithelial_cell
44,-290,0,malignant_epithelial_cell
-119,-288,0,effector_T_cell
-58,-288,0,malignant_epithelial_cell
93,-285,0,malignant_epithelial_cell
-39,-284,0,malignant_epithelial_cell
78,-284,0,malignant_epithelial_cell
342,-282,0,M0_macrophage
92,-281,0,malignant_epithelial_cell
2,-280,0,malignant_epithelial_cell
81,-277,0,malignant_epithelial_cell
-66,-276,0,malignant_epithelial_cell
-55,-276,0,malignant_epithelial_cell
-29,-276,0,malignant_epithelial_cell
22,-276,0,malignant_epithelial_cell
-35,-275,0,malignant_epithelial_cell
-55,-273,0,malignant_epithelial_cell
48,-273,0,malignant_epithelial_cell
-107,-272,0,malignant_epithelial_cell
2,-272,0,malignant_epithelial_cell
67,-272,0,malignant_epithelial_cell
-106,-271,0,malignant_epithelial_cell
126,-270,0,malignant_epithelial_cell
-128,-269,0,malignant_epithelial_cell
-51,-269,0,malignant_epithelial_cell
-302,-268,0,effector_T_cell
-4,-268,0,malignant_epithelial_cell
16,-268,0,malignant_epithelial_cell
24,-267,0,malignant_epithelial_cell
26,-267,0,malignant_epithelial_cell
59,-267,0,malignant_epithelial_cell
19,-266,0,malignant_epithelial_cell
64,-266,0,malignant_epithelial_cell
-97,-264,0,malignant_epithelial_cell
43,-264,0,malignant_epithelial_cell
-8,-263,0,malignant_epithelial_cell
61,-263,0,malignant_epithelial_cell
90,-263,0,malignant_epithelial_cell
105,-263,0,malignant_epithelial_cell
144,-263,0,malignant_epithelial_cell
-90,-262,0,malignant_epithelial_cell
-73,-261,0,malignant_epithelial_cell
-278,-259,0,M0_macrophage
-106,-259,0,malignant_epithelial_cell
-86,-259,0,malignant_epithelial_cell
67,-259,0,malignant_epithelial_cell
-62,-258,0,malignant_epithelial_cell
0,-258,0,malignant_epithelial_cell
-17,-257,0,malignant_epithelial_cell
114,-257,0,malignant_epithelial_cell
-132,-255,0,malignant_epithelial_cell
-148,-254,0,malignant_epithelial_cell
-68,-254,0,malignant_epithelial_cell
-87,-253,0,malignant_epithelial_cell
46,-253,0,malignant_epithelial_cell
67,-253,0,malignant_epithelial_cell
95,-253,0,malignant_epithelial_cell
-144,-251,0,malignant_epithelial_cell
-9,-251,0,malignant_epithelial_cell
66,-250,0,malignant_epithelial_cell
-117,-249,0,malignant_epithelial_cell
-11,-249,0,malignant_epithelial_cell
14,-249,0,malignant_epithelial_cell
25,-249,0,malignant_epithelial_cell
16,-248,0,malignant_epithelial_cell
-82,-246,0,malignant_epithelial_cell
-373,-245,0,M0_macrophage
-41,-245,0,malignant_epithelial_cell
29,-245,0,malignant_epithelial_cell
-294,-243,0,effector_T_cell
-175,-243,0,malignant_epithelial_cell
-7,-243,0,malignant_epithelial_cell
-4,-243,0,malignant_epithelial_cell
35,-243,0,malignant_epithelial_cell
-159,-242,0,malignant_epithelial_cell
-31,-242,0,malignant_epithelial_cell
51,-242,0,malignant_epithelial_cell
-226,-241,0,effector_T_cell
-159,-241,0,malignant_epithelial_cell
-49,-241,0,malignant_epithelial_cell
-97,-239,0,malignant_epithelial_cell
181,-239,0,malignant_epithelial_cell
-144,-238,0,malignant_epithelial_cell
-16,-238,0,malignant_epithelial_cell
99,-238,0,malignant_epithelial_cell
154,-238,0,malignant_epithelial_cell
-59,-237,0,malignant_epithelial_cell
-30,-237,0,malignant_epithelial_cell
-105,-235,0,malignant_epithelial_cell
35,-235,0,malignant_epithelial_cell
-13,-234,0,malignant_epithelial_cell
-136,-233,0,malignant_epithelial_cell
64,-233,0,malignant_epithelial_cell
171,-233,0,malignant_epithelial_cell
-117,-232,0,malignant_epithelial_cell
-68,-232,0,malignant_epithelial_cell
-44,-232,0,malignant_epithelial_cell
-39,-232,0,malignant_epithelial_cell
166,-232,0,malignant_epithelial_cell
-80,-231,0,malignant_epithelial_cell
11,-231,0,malignant_epithelial_cell
-143,-230,0,malignant_epithelial_cell
-62,-230,0,malignant_epithelial_cell
-52,-229,0,malignant_epithelial_cell
-12,-229,0,malignant_epithelial_cell
60,-229,0,malignant_epithelial_cell
176,-228,0,malignant_epithelial_cell
27,-227,0,malignant_epithelial_cell
97,-227,0,malignant_epithelial_cell
102,-227,0,malignant_epithelial_cell
182,-227,0,malignant_epithelial_cell
-138,-226,0,malignant_epithelial_cell
-166,-225,0,malignant_epithelial_cell
-58,-224,0,malignant_epithelial_cell
-156,-223,0,malignant_epithelial_cell
152,-223,0,malignant_epithelial_cell
3,-222,0,malignant_epithelial_cell
-323,-221,0,M0_macrophage
-200,-221,0,malignant_epithelial_cell
74,-221,0,malignant_epithelial_cell
80,-221,0,malignant_epithelial_cell
118,-221,0,malignant_epithelial_cell
119,-221,0,malignant_epithelial_cell
254,-221,0,M0_macrophage
-140,-220,0,malignant_epithelial_cell
191,-220,0,malignant_epithelial_cell
342,-220,0,M0_macrophage
-169,-219,0,malignant_epithelial_cell
-117,-219,0,malignant_epithelial_cell
-342,-218,0,effector_T_cell
-154,-218,0,malignant_epithelial_cell
-67,-218,0,malignant_epithelial_cell
78,-218,0,malignant_epithelial_cell
129,-217,0,malignant_epithelial_cell
167,-217,0,malignant_epithelial_cell
-113,-215,0,malignant_epithelial_cell
-27,-215,0,malignant_epithelial_cell
-6,-215,0,malignant_epithelial_cell
176,-215,0,malignant_epithelial_cell
-202,-214,0,malignant_epithelial_cell
-188,-214,0,malignant_epithelial_cell
77,-214,0,malignant_epithelial_cell
87,-214,0,malignant_epithelial_cell
-97,-213,0,malignant_epithelial_cell
32,-213,0,malignant_epithelial_cell
53,-213,0,malignant_epithelial_cell
-51,-212,0,malignant_epithelial_cell
-39,-212,0,malignant_epithelial_cell
-24,-212,0,malignant_epithelial_cell
119,-212,0,malignant_epithelial_cell
-42,-211,0,malignant_epithelial_cell
83,-210,0,malignant_epithelial_cell
214,-210,0,malignant_epithelial_cell
-131,-209,0,malignant_epithelial_cell
65,-209,0,malignant_epithelial_cell
-48,-208,0,malignant_epithelial_cell
-5,-208,0,malignant_epithelial_cell
62,-208,0,malignant_epithelial_cell
158,-208,0,malignant_epithelial_cell
-138,-207,0,malignant_epithelial_cell
-91,-206,0,malignant_epithelial_cell
-21,-206,0,malignant_epithelial_cell
95,-206,0,malignant_epithelial_cell
206,-206,0,malignant_epithelial_cell
-219,-205,0,malignant_epithelial_cell
-114,-205,0,malignant_epithelial_cell
207,-205,0,malignant_epithelial_cell
-124,-204,0,malignant_epithelial_cell
-33,-204,0,malignant_epithelial_cell
111,-203,0,malignant_epithelial_cell
162,-203,0,malignant_epithelial_cell
-248,-201,0,effector_T_cell
-214,-201,0,malignant_epithelial_cell
32,-201,0,malignant_epithelial_cell
163,-201,0,malignant_epithelial_cell
-96,-200,0,malignant_epithelial_cell
11,-200,0,malignant_epithelial_cell
30,-200,0,malignant_epithelial_cell
161,-200,0,malignant_epithelial_cell
220,-200,0,malignant_epithelial_cell
-352,-198,0,effector_T_cell
-84,-198,0,malignant_epithelial_cell
-7,-198,0,malignant_epithelial_cell
97,-198,0,malignant_epithelial_cell
184,-198,0,malignant_epithelial_cell
119,-197,0,malignant_epithelial_cell
-192,-196,0,malignant_epithelial_cell
-78,-196,0,malignant_epithelial_cell
227,-196,0,malignant_epithelial_cell
-154,-195,0,malignant_epithelial_cell
-48,-195,0,malignant_epithelial_cell
41,-195,0,malignant_epithelial_cell
365,-195,0,effector_T_cell
24,-194,0,malignant_epithelial_cell
59,-194,0,malignant_epithelial_cell
-176,-193,0,malignant_epithelial_cell
-146,-193,0,malignant_epithelial_cell
-61,-193,0,malignant_epithelial_cell
-8,-193,0,malignant_epithelial_cell
26,-193,0,malignant_epithelial_cell
-274,-192,0,M0_macrophage
-173,-192,0,malignant_epithelial_cell
-138,-192,0,malignant_epithelial_cell
-134,-192,0,malignant_epithelial_cell
29,-192,0,malignant_epithelial_cell
44,-192,0,malignant_epithelial_cell
-101,-191,0,malignant_epithelial_cell
-64,-191,0,malignant_epithelial_cell
-44,-191,0,malignant_epithelial_cell
184,-191,0,malignant_epithelial_cell
11,-190,0,malignant_epithelial_cell
85,-190,0,malignant_epithelial_cell
84,-189,0,malignant_epithelial_cell
209,-189,0,malignant_epithelial_cell
230,-189,0,malignant_epithelial_cell
22,-188,0,malignant_epithelial_cell
147,-188,0,malignant_epithelial_cell
-224,-187,0,malignant_epithelial_cell
-208,-187,0,malignant_epithelial_cell
54,-187,0,malignant_epithelial_cell
55,-187,0,malignant_epithelial_cell
181,-187,0,malignant_epithelial_cell
-180,-186,0,malignant_epithelial_cell
-6,-186,0,malignant_epithelial_cell
-188,-185,0,malignant_epithelial_cell
108,-185,0,malignant_epithelial_cell
-59,-184,0,malignant_epithelial_cell
97,-184,0,malignant_epithelial_cell
127,-184,0,malignant_epithelial_cell
198,-184,0,malignant_epithelial_cell
-212,-183,0,malignant_epithelial_cell
-31,-183,0,malignant_epithelial_cell
-19,-183,0,malignant_epithelial_cell
64,-183,0,malignant_epithelial_cell
84,-183,0,malignant_epithelial_cell
176,-183,0,malignant_epithelial_cell
188,-183,0,malignant_epithelial_cell
-161,-181,0,malignant_epithelial_cell
-135,-181,0,malignant_epithelial_cell
-111,-181,0,malignant_epithelial_cell
201,-181,0,malignant_epithelial_cell
-216,-180,0,malignant_epithelial_cell
-188,-180,0,malignant_epithelial_cell
1,-180,0,malignant_epithelial_cell
-120,-179,0,malignant_epithelial_cell
122,-179,0,malignant_epithelial_cell
-96,-177,0,malignant_epithelial_cell
294,-177,0,M0_macrophage
50,-176,0,malignant_epithelial_cell
-146,-175,0,malignant_epithelial_cell
-94,-175,0,malignant_epithelial_cell
139,-175,0,malignant_epithelial_cell
222,-175,0,malignant_epithelial_cell
139,-173,0,malignant_epithelial_cell
187,-173,0,malignant_epithelial_cell
-72,-172,0,malignant_epithelial_cell
-182,-170,0,malignant_epithelial_cell
-95,-169,0,malignant_epithelial_cell
-92,-168,0,malignant_epithelial_cell
61,-168,0,malignant_epithelial_cell
-46,-167,0,malignant_epithelial_cell
13,-167,0,malignant_epithelial_cell
95,-167,0,malignant_epithelial_cell
152,-166,0,malignant_epithelial_cell
-246,-165,0,malignant_epithelial_cell
-205,-165,0,malignant_epithelial_cell
-193,-165,0,malignant_epithelial_cell
-58,-165,0,malignant_epithelial_cell
105,-165,0,malignant_epithelial_cell
-224,-164,0,malignant_epithelial_cell
-68,-164,0,malignant_epithelial_cell
-214,-163,0,malignant_epithelial_cell
-141,-163,0,malignant_epithelial_cell
58,-163,0,malignant_epithelial_cell
84,-163,0,malignant_epithelial_cell
175,-163,0,malignant_epithelial_cell
194,-163,0,malignant_epithelial_cell
218,-163,0,malignant_epithelial_cell
-119,-162,0,malignant_epithelial_cell
-116,-162,0,malignant_epithelial_cell
-29,-162,0,malignant_epithelial_cell
72,-161,0,malignant_epithelial_cell
76,-161,0,malignant_epithelial_cell
120,-161,0,malignant_epithelial_cell
133,-161,0,malignant_epithelial_cell
171,-160,0,malignant_epithelial_cell
84,-159,0,malignant_epithelial_cell
-140,-158,0,malignant_epithelial_cell
-79,-158,0,malignant_epithelial_cell
-40,-158,0,malignant_epithelial_cell
10,-158,0,malignant_epithelial_cell
36,-158,0,malignant_epithelial_cell
-26,-157,0,malignant_epithelial_cell
47,-157,0,malignant_epithelial_cell
-322,-156,0,effector_T_cell
-160,-156,0,malignant_epithelial_cell
172,-156,0,malignant_epithelial_cell
175,-156,0,malignant_epithelial_cell
176,-156,0,malignant_epithelial_cell
253,-156,0,malignant_epithelial_cell
-2,-155,0,malignant_epithelial_cell
27,-155,0,malignant_epithelial_cell
55,-155,0,malignant_epithelial_cell
-95,-154,0,malignant_epithelial_cell
117,-154,0,malignant_epithelial_cell
119,-154,0,malignant_epithelial_cell
-214,-153,0,malignant_epithelial_cell
-132,-153,0,malignant_epithelial_cell
89,-153,0,malignant_epithelial_cell
-207,-152,0,malignant_epithelial_cell
20,-152,0,malignant_epithelial_cell
27,-152,0,malignant_epithelial_cell
-17,-151,0,malignant_epithelial_cell
35,-151,0,malignant_epithelial_cell
89,-151,0,malignant_epithelial_cell
-251,-150,0,malignant_epithelial_cell
100,-150,0,malignant_epithelial_cell
116,-150,0,malignant_epithelial_cell
147,-150,0,malignant_epithelial_cell
251,-150,0,malignant_epithelial_cell
346,-150,0,effector_T_cell
2,-149,0,malignant_epithelial_cell
75,-149,0,malignant_epithelial_cell
129,-148,0,malignant_epithelial_cell
-240,-147,0,malignant_epithelial_cell
-64,-147,0,malignant_epithelial_cell
115,-147,0,malignant_epithelial_cell
227,-146,0,malignant_epithelial_cell
229,-146,0,malignant_epithelial_cell
244,-146,0,malignant_epithelial_cell
-228,-145,0,malignant_epithelial_cell
-190,-145,0,malignant_epithelial_cell
259,-145,0,malignant_epithelial_cell
156,-144,0,malignant_epithelial_cell
186,-144,0,malignant_epithelial_cell
31,-143,0,malignant_epithelial_cell
150,-143,0,malignant_epithelial_cell
251,-143,0,malignant_epithelial_cell
-91,-142,0,malignant_epithelial_cell
125,-142,0,malignant_epithelial_cell
-21,-141,0,malignant_epithelial_cell
-163,-140,0,malignant_epithelial_cell
54,-140,0,malignant_epithelial_cell
142,-140,0,malignant_epithelial_cell
-238,-139,0,malignant_epithelial_cell
-186,-139,0,malignant_epithelial_cell
-55,-139,0,malignant_epithelial_cell
-243,-138,0,malignant_epithelial_cell
-144,-138,0,malignant_epithelial_cell
-99,-138,0,malignant_epithelial_cell
-17,-138,0,malignant_epithelial_cell
64,-138,0,malignant_epithelial_cell
179,-138,0,malignant_epithelial_cell
226,-138,0,malignant_epithelial_cell
-155,-137,0,malignant_epithelial_cell
-20,-137,0,malignant_epithelial_cell
370,-137,0,effector_T_cell
-264,-136,0,malignant_epithelial_cell
-216,-135,0,malignant_epithelial_cell
-74,-135,0,malignant_epithelial_cell
226,-135,0,malignant_epithelial_cell
147,-133,0,malignant_epithelial_cell
-223,-132,0,malignant_epithelial_cell
-190,-132,0,malignant_epithelial_cell
105,-132,0,malignant_epithelial_cell
107,-132,0,malignant_epithelial_cell
110,-132,0,malignant_epithelial_cell
-197,-131,0,malignant_epithelial_cell
-132,-131,0,malignant_epithelial_cell
188,-131,0,malignant_epithelial_cell
49,-130,0,malignant_epithelial_cell
102,-130,0,malignant_epithelial_cell
-346,-129,0,effector_T_cell
-185,-129,0,malignant_epithelial_cell
-126,-129,0,malignant_epithelial_cell
-56,-129,0,malignant_epithelial_cell
-24,-129,0,malignant_epithelial_cell
-41,-128,0,malignant_epithelial_cell
-208,-127,0,malignant_epithelial_cell
164,-127,0,malignant_epithelial_cell
270,-127,0,malignant_epithelial_cell
-96,-126,0,malignant_epithelial_cell
-255,-125,0,malignant_epithelial_cell
-248,-125,0,malignant_epithelial_cell
-73,-125,0,malignant_epithelial_cell
40,-125,0,malignant_epithelial_cell
272,-125,0,malignant_epithelial_cell
320,-125,0,effector_T_cell
125,-124,0,malignant_epithelial_cell
-388,-123,0,M0_macrophage
-221,-123,0,malignant_epithelial_cell
35,-123,0,malignant_epithelial_cell
221,-123,0,malignant_epithelial_cell
329,-122,0,M0_macrophage
432,-122,0,effector_T_cell
166,-121,0,malignant_epithelial_cell
228,-121,0,malignant_epithelial_cell
-217,-120,0,malignant_epithelial_cell
29,-119,0,malignant_epithelial_cell
-64,-118,0,malignant_epithelial_cell
79,-118,0,malignant_epithelial_cell
233,-118,0,malignant_epithelial_cell
-224,-117,0,malignant_epithelial_cell
-211,-117,0,malignant_epithelial_cell
-129,-117,0,malignant_epithelial_cell
40,-117,0,malignant_epithelial_cell
89,-117,0,malignant_epithelial_cell
183,-117,0,malignant_epithelial_cell
-215,-116,0,malignant_epithelial_cell
-102,-116,0,malignant_epithelial_cell
24,-116,0,malignant_epithelial_cell
268,-116,0,malignant_epithelial_cell
-89,-115,0,malignant_epithelial_cell
-30,-115,0,malignant_epithelial_cell
16,-115,0,malignant_epithelial_cell
177,-114,0,malignant_epithelial_cell
-368,-113,0,effector_T_cell
-59,-113,0,malignant_epithelial_cell
72,-113,0,malignant_epithelial_cell
218,-113,0,malignant_epithelial_cell
114,-112,0,malignant_epithelial_cell
-238,-111,0,malignant_epithelial_cell
-171,-111,0,malignant_epithelial_cell
112,-111,0,malignant_epithelial_cell
-77,-110,0,malignant_epithelial_cell
96,-110,0,malignant_epithelial_cell
147,-110,0,malignant_epithelial_cell
166,-110,0,malignant_epithelial_cell
-301,-109,0,effector_T_cell
-60,-109,0,malignant_epithelial_cell
185,-109,0,malignant_epithelial_cell
-293,-108,0,effector_T_cell
253,-108,0,malignant_epithelial_cell
-116,-107,0,malignant_epithelial_cell
-15,-107,0,malignant_epithelial_cell
129,-107,0,malignant_epithelial_cell
-89,-106,0,malignant_epithelial_cell
-39,-106,0,malignant_epithelial_cell
71,-106,0,malignant_epithelial_cell
80,-106,0,malignant_epithelial_cell
-80,-105,0,malignant_epithelial_cell
-34,-105,0,malignant_epithelial_cell
11,-105,0,malignant_epithelial_cell
213,-105,0,malignant_epithelial_cell
-138,-104,0,malignant_epithelial_cell
-116,-104,0,malignant_epithelial_cell
-61,-104,0,malignant_epithelial_cell
34,-104,0,malignant_epithelial_cell
35,-104,0,malignant_epithelial_cell
-224,-103,0,malignant_epithelial_cell
17,-103,0,malignant_epithelial_cell
58,-103,0,malignant_epithelial_cell
87,-103,0,malignant_epithelial_cell
97,-103,0,malignant_epithelial_cell
-180,-102,0,malignant_epithelial_cell
160,-102,0,malignant_epithelial_cell
-22,-101,0,malignant_epithelial_cell
18,-101,0,malignant_epithelial_cell
48,-101,0,malignant_epithelial_cell
-272,-100,0,malignant_epithelial_cell
-182,-100,0,malignant_epithelial_cell
-167,-100,0,malignant_epithelial_cell
-63,-100,0,malignant_epithelial_cell
39,-100,0,malignant_epithelial_cell
-115,-99,0,malignant_epithelial_cell
54,-99,0,malignant_epithelial_cell
245,-98,0,malignant_epithelial_cell
179,-97,0,malignant_epithelial_cell
207,-97,0,malignant_epithelial_cell
276,-96,0,malignant_epithelial_cell
418,-96,0,M0_macrophage
-29,-95,0,malignant_epithelial_cell
-8,-95,0,malignant_epithelial_cell
-1,-95,0,malignant_epithelial_cell
57,-95,0,malignant_epithelial_cell
246,-95,0,malignant_epithelial_cell
400,-95,0,M0_macrophage
-254,-94,0,malignant_epithelial_cell
-227,-94,0,malignant_epithelial_cell
-195,-94,0,malignant_epithelial_cell
-40,-94,0,malignant_epithelial_cell
5,-94,0,malignant_epithelial_cell
38,-94,0,malignant_epithelial_cell
143,-94,0,malignant_epithelial_cell
302,-94,0,effector_T_cell
-138,-93,0,malignant_epithelial_cell
-45,-93,0,malignant_epithelial_cell
185,-93,0,malignant_epithelial_cell
-354,-91,0,M0_macrophage
-275,-91,0,malignant_epithelial_cell
-149,-91,0,malignant_epithelial_cell
83,-91,0,malignant_epithelial_cell
102,-91,0,malignant_epithelial_cell
13,-90,0,malignant_epithelial_cell
119,-90,0,malignant_epithelial_cell
-171,-89,0,malignant_epithelial_cell
-142,-89,0,malignant_epithelial_cell
218,-89,0,malignant_epithelial_cell
-156,-88,0,malignant_epithelial_cell
-196,-87,0,malignant_epithelial_cell
-79,-87,0,malignant_epithelial_cell
-40,-87,0,malignant_epithelial_cell
20,-87,0,malignant_epithelial_cell
-277,-86,0,malignant_epithelial_cell
-75,-86,0,malignant_epithelial_cell
7,-86,0,malignant_epithelial_cell
127,-86,0,malignant_epithelial_cell
-89,-85,0,malignant_epithelial_cell
196,-85,0,malignant_epithelial_cell
-189,-84,0,malignant_epithelial_cell
287,-84,0,malignant_epithelial_cell
-399,-83,0,M0_macrophage
-153,-83,0,malignant_epithelial_cell
-103,-83,0,malignant_epithelial_cell
-96,-83,0,malignant_epithelial_cell
-218,-82,0,malignant_epithelial_cell
-155,-82,0,malignant_epithelial_cell
-64,-81,0,malignant_epithelial_cell
10,-81,0,malignant_epithelial_cell
87,-81,0,malignant_epithelial_cell
177,-81,0,malignant_epithelial_cell
-214,-80,0,malignant_epithelial_cell
23,-80,0,malignant_epithelial_cell
-102,-79,0,malignant_epithelial_cell
262,-79,0,malignant_epithelial_cell
-58,-78,0,malignant_epithelial_cell
-286,-77,0,malignant_epithelial_cell
39,-77,0,malignant_epithelial_cell
183,-76,0,malignant_epithelial_cell
266,-76,0,malignant_epithelial_cell
-150,-75,0,malignant_epithelial_cell
-36,-75,0,malignant_epithelial_cell
-7,-75,0,malignant_epithelial_cell
231,-75,0,malignant_epithelial_cell
238,-75,0,malignant_epithelial_cell
4,-73,0,malignant_epithelial_cell
-210,-72,0,malignant_epithelial_cell
-187,-72,0,malignant_epithelial_cell
110,-72,0,malignant_epithelial_cell
246,-72,0,malignant_epithelial_cell
267,-72,0,malignant_epithelial_cell
-110,-71,0,malignant_epithelial_cell
11,-71,0,malignant_epithelial_cell
-148,-70,0,malignant_epithelial_cell
-52,-70,0,malignant_epithelial_cell
-39,-70,0,malignant_epithelial_cell
-30,-70,0,malignant_epithelial_cell
-11,-70,0,malignant_epithelial_cell
191,-70,0,malignant_epithelial_cell
200,-70,0,malignant_epithelial_cell
208,-70,0,malignant_epithelial_cell
261,-70,0,malignant_epithelial_cell
-282,-69,0,malignant_epithelial_cell
237,-69,0,malignant_epithelial_cell
-73,-68,0,malignant_epithelial_cell
-68,-68,0,malignant_epithelial_cell
-370,-67,0,M0_macrophage
-277,-67,0,malignant_epithelial_cell
-127,-67,0,malignant_epithelial_cell
-124,-67,0,malignant_epithelial_cell
18,-67,0,malignant_epithelial_cell
160,-67,0,malignant_epithelial_cell
260,-67,0,malignant_epithelial_cell
-283,-66,0,malignant_epithelial_cell
-207,-66,0,malignant_epithelial_cell
-160,-66,0,malignant_epithelial_cell
32,-66,0,malignant_epithelial_cell
415,-66,0,effector_T_cell
-242,-65,0,malignant_epithelial_cell
-34,-65,0,malignant_epithelial_cell
17,-65,0,malignant_epithelial_cell
92,-65,0,malignant_epithelial_cell
-7,-64,0,malignant_epithelial_cell
-117,-63,0,malignant_epithelial_cell
79,-63,0,malignant_epithelial_cell
170,-63,0,malignant_epithelial_cell
236,-63,0,malignant_epithelial_cell
204,-62,0,malignant_epithelial_cell
200,-61,0,malignant_epithelial_cell
321,-61,0,M0_macrophage
-240,-60,0,malignant_epithelial_cell
-97,-60,0,malignant_epithelial_cell
-10,-60,0,malignant_epithelial_cell
113,-60,0,malignant_epithelial_cell
-363,-59,0,M0_macrophage
-60,-59,0,malignant_epithelial_cell
9,-59,0,malignant_epithelial_cell
30,-59,0,malignant_epithelial_cell
91,-59,0,malignant_epithelial_cell
202,-59,0,malignant_epithelial_cell
-248,-58,0,malignant_epithelial_cell
-243,-58,0,malignant_epithelial_cell
-217,-58,0,malignant_epithelial_cell
-155,-58,0,malignant_epithelial_cell
190,-58,0,malignant_epithelial_cell
7,-57,0,malignant_epithelial_cell
156,-57,0,malignant_epithelial_cell
191,-57,0,malignant_epithelial_cell
-219,-56,0,malignant_epithelial_cell
-118,-56,0,malignant_epithelial_cell
-54,-56,0,malignant_epithelial_cell
-20,-56,0,malignant_epithelial_cell
251,-56,0,malignant_epithelial_cell
-260,-55,0,malignant_epithelial_cell
-238,-55,0,malignant_epithelial_cell
-14,-55,0,malignant_epithelial_cell
-190,-54,0,malignant_epithelial_cell
-164,-53,0,malignant_epithelial_cell
-78,-53,0,malignant_epithelial_cell
21,-53,0,malignant_epithelial_cell
63,-53,0,malignant_epithelial_cell
136,-53,0,malignant_epithelial_cell
-118,-52,0,malignant_epithelial_cell
9,-52,0,malignant_epithelial_cell
73,-52,0,malignant_epithelial_cell
123,-52,0,malignant_epithelial_cell
153,-52,0,malignant_epithelial_cell
200,-52,0,malignant_epithelial_cell
-232,-51,0,malignant_epithelial_cell
26,-51,0,malignant_epithelial_cell
149,-51,0,malignant_epithelial_cell
-275,-50,0,malignant_epithelial_cell
-159,-50,0,malignant_epithelial_cell
-101,-50,0,malignant_epithelial_cell
154,-50,0,malignant_epithelial_cell
-240,-49,0,malignant_epithelial_cell
-87,-49,0,malignant_epithelial_cell
268,-49,0,malignant_epithelial_cell
208,-47,0,malignant_epithelial_cell
221,-47,0,malignant_epithelial_cell
274,-47,0,malignant_epithelial_cell
-282,-46,0,malignant_epithelial_cell
-239,-46,0,malignant_epithelial_cell
-232,-46,0,malignant_epithelial_cell
-170,-46,0,malignant_epithelial_cell
164,-46,0,malignant_epithelial_cell
-251,-45,0,malignant_epithelial_cell
-71,-45,0,malignant_epithelial_cell
-287,-44,0,malignant_epithelial_cell
-219,-44,0,malignant_epithelial_cell
108,-44,0,malignant_epithelial_cell
117,-44,0,malignant_epithelial_cell
-203,-43,0,malignant_epithelial_cell
-53,-43,0,malignant_epithelial_cell
150,-43,0,malignant_epithelial_cell
191,-43,0,malignant_epithelial_cell
-162,-42,0,malignant_epithelial_cell
102,-42,0,malignant_epithelial_cell
244,-42,0,malignant_epithelial_cell
-183,-41,0,malignant_epithelial_cell
252,-41,0,malignant_epithelial_cell
-283,-40,0,malignant_epithelial_cell
-271,-40,0,malignant_epithelial_cell
-119,-40,0,malignant_epithelial_cell
-39,-40,0,malignant_epithelial_cell
67,-40,0,malignant_epithelial_cell
-156,-39,0,malignant_epithelial_cell
-144,-39,0,malignant_epithelial_cell
67,-39,0,malignant_epithelial_cell
-335,-38,0,M0_macrophage
-259,-38,0,malignant_epithelial_cell
-258,-38,0,malignant_epithelial_cell
-185,-38,0,malignant_epithelial_cell
-64,-37,0,malignant_epithelial_cell
-22,-37,0,malignant_epithelial_cell
26,-37,0,malignant_epithelial_cell
57,-37,0,malignant_epithelial_cell
141,-37,0,malignant_epithelial_cell
283,-37,0,malignant_epithelial_cell
-269,-36,0,malignant_epithelial_cell
-4,-36,0,malignant_epithelial_cell
142,-36,0,malignant_epithelial_cell
276,-36,0,malignant_epithelial_cell
-227,-35,0,malignant_epithelial_cell
-116,-35,0,malignant_epithelial_cell
-99,-34,0,malignant_epithelial_cell
-79,-34,0,malignant_epithelial_cell
253,-34,0,malignant_epithelial_cell
-250,-33,0,malignant_epithelial_cell
-18,-33,0,malignant_epithelial_cell
121,-33,0,malignant_epithelial_cell
-311,-32,0,effector_T_cell
-177,-32,0,malignant_epithelial_cell
-135,-32,0,malignant_epithelial_cell
-129,-32,0,malignant_epithelial_cell
-33,-32,0,malignant_epithelial_cell
34,-32,0,malignant_epithelial_cell
218,-32,0,malignant_epithelial_cell
219,-32,0,malignant_epithelial_cell
-252,-31,0,malignant_epithelial_cell
72,-31,0,malignant_epithelial_cell
122,-31,0,malignant_epithelial_cell
361,-30,0,effector_T_cell
-298,-29,0,malignant_epithelial_cell
275,-29,0,malignant_epithelial_cell
-232,-28,0,malignant_epithelial_cell
-204,-28,0,malignant_epithelial_cell
151,-28,0,malignant_epithelial_cell
-201,-27,0,malignant_epithelial_cell
-154,-27,0,malignant_epithelial_cell
-24,-27,0,malignant_epithelial_cell
38,-27,0,malignant_epithelial_cell
87,-27,0,malignant_epithelial_cell
132,-27,0,malignant_epithelial_cell
261,-27,0,malignant_epithelial_cell
-282,-26,0,malignant_epithelial_cell
-260,-26,0,malignant_epithelial_cell
-27,-26,0,malignant_epithelial_cell
66,-26,0,malignant_epithelial_cell
279,-26,0,malignant_epithelial_cell
188,-25,0,malignant_epithelial_cell
262,-25,0,malignant_epithelial_cell
-227,-24,0,malignant_epithelial_cell
-133,-24,0,malignant_epithelial_cell
-26,-24,0,malignant_epithelial_cell
133,-24,0,malignant_epithelial_cell
-205,-23,0,malignant_epithelial_cell
-40,-23,0,malignant_epithelial_cell
71,-23,0,malignant_epithelial_cell
162,-23,0,malignant_epithelial_cell
178,-23,0,malignant_epithelial_cell
-420,-22,0,M0_macrophage
-196,-22,0,malignant_epithelial_cell
-46,-22,0,malignant_epithelial_cell
-30,-22,0,malignant_epithelial_cell
285,-22,0,malignant_epithelial_cell
-139,-21,0,malignant_epithelial_cell
282,-21,0,malignant_epithelial_cell
-91,-20,0,malignant_epithelial_cell
-182,-19,0,malignant_epithelial_cell
217,-19,0,malignant_epithelial_cell
-46,-18,0,malignant_epithelial_cell
-113,-17,0,malignant_epithelial_cell
264,-17,0,malignant_epithelial_cell
-81,-15,0,malignant_epithelial_cell
144,-15,0,malignant_epithelial_cell
261,-15,0,malignant_epithelial_cell
-214,-14,0,malignant_epithelial_cell
-86,-14,0,malignant_epithelial_cell
27,-14,0,malignant_epithelial_cell
73,-14,0,malignant_epithelial_cell
396,-14,0,effector_T_cell
-53,-13,0,malignant_epithelial_cell
39,-13,0,malignant_epithelial_cell
174,-13,0,malignant_epithelial_cell
236,-13,0,malignant_epithelial_cell
-2,-12,0,malignant_epithelial_cell
-84,-11,0,malignant_epithelial_cell
-38,-11,0,malignant_epithelial_cell
5,-11,0,malignant_epithelial_cell
50,-11,0,malignant_epithelial_cell
137,-11,0,malignant_epithelial_cell
162,-11,0,malignant_epithelial_cell
220,-11,0,malignant_epithelial_cell
403,-11,0,effector_T_cell
218,-10,0,malignant_epithelial_cell
135,-9,0,malignant_epithelial_cell
-218,-8,0,malignant_epithelial_cell
-53,-8,0,malignant_epithelial_cell
7,-8,0,malignant_epithelial_cell
226,-8,0,malignant_epithelial_cell
-15,-7,0,malignant_epithelial_cell
208,-7,0,malignant_epithelial_cell
247,-7,0,malignant_epithelial_cell
252,-7,0,malignant_epithelial_cell
7,-6,0,malignant_epithelial_cell
274,-6,0,malignant_epithelial_cell
-272,-4,0,malignant_epithelial_cell
-27,-4,0,malignant_epithelial_cell
115,-4,0,malignant_epithelial_cell
-375,-3,0,M0_macrophage
-206,-3,0,malignant_epithelial_cell
-98,-3,0,malignant_epithelial_cell
173,-3,0,malignant_epithelial_cell
-168,-2,0,malignant_epithelial_cell
-151,-2,0,malignant_epithelial_cell
-139,-2,0,malignant_epithelial_cell
-24,-2,0,malignant_epithelial_cell
126,-2,0,malignant_epithelial_cell
167,-1,0,malignant_epithelial_cell
218,-1,0,malignant_epithelial_cell
109,0,0,malignant_epithelial_cell
-87,3,0,malignant_epithelial_cell
55,3,0,malignant_epithelial_cell
179,3,0,malignant_epithelial_cell
-98,4,0,malignant_epithelial_cell
-19,4,0,malignant_epithelial_cell
-4,4,0,malignant_epithelial_cell
279,4,0,malignant_epithelial_cell
-296,5,0,malignant_epithelial_cell
-141,5,0,malignant_epithelial_cell
-40,5,0,malignant_epithelial_cell
-98,6,0,malignant_epithelial_cell
-95,6,0,malignant_epithelial_cell
-37,6,0,malignant_epithelial_cell
24,6,0,malignant_epithelial_cell
-355,7,0,M0_macrophage
89,7,0,malignant_epithelial_cell
116,7,0,malignant_epithelial_cell
177,7,0,malignant_epithelial_cell
-22,8,0,malignant_epithelial_cell
26,8,0,malignant_epithelial_cell
87,8,0,malignant_epithelial_cell
-247,9,0,malignant_epithelial_cell
168,10,0,malignant_epithelial_cell
236,10,0,malignant_epithelial_cell
182,11,0,malignant_epithelial_cell
68,12,0,malignant_epithelial_cell
184,12,0,malignant_epithelial_cell
-161,13,0,malignant_epithelial_cell
-140,13,0,malignant_epithelial_cell
-81,13,0,malignant_epithelial_cell
-65,13,0,malignant_epithelial_cell
1,13,0,malignant_epithelial_cell
-226,14,0,malignant_epithelial_cell
-190,14,0,malignant_epithelial_cell
-250,15,0,malignant_epithelial_cell
-177,15,0,malignant_epithelial_cell
1,15,0,malignant_epithelial_cell
155,15,0,malignant_epithelial_cell
-197,16,0,malignant_epithelial_cell
-123,16,0,malignant_epithelial_cell
-107,16,0,malignant_epithelial_cell
181,16,0,malignant_epithelial_cell
194,16,0,malignant_epithelial_cell
-228,17,0,malignant_epithelial_cell
-219,17,0,malignant_epithelial_cell
-224,19,0,malignant_epithelial_cell
-166,19,0,malignant_epithelial_cell
-56,19,0,malignant_epithelial_cell
-274,20,0,malignant_epithelial_cell
-250,20,0,malignant_epithelial_cell
-98,20,0,malignant_epithelial_cell
-25,20,0,malignant_epithelial_cell
-293,21,0,malignant_epithelial_cell
-289,21,0,malignant_epithelial_cell
150,21,0,malignant_epithelial_cell
233,21,0,malignant_epithelial_cell
-173,22,0,malignant_epithelial_cell
55,22,0,malignant_epithelial_cell
-280,23,0,malignant_epithelial_cell
-237,23,0,malignant_epithelial_cell
-224,23,0,malignant_epithelial_cell
-139,23,0,malignant_epithelial_cell
-41,23,0,malignant_epithelial_cell
-18,23,0,malignant_epithelial_cell
104,23,0,malignant_epithelial_cell
228,23,0,malignant_epithelial_cell
-315,24,0,effector_T_cell
-250,24,0,malignant_epithelial_cell
-135,24,0,malignant_epithelial_cell
-255,25,0,malignant_epithelial_cell
30,25,0,malignant_epithelial_cell
158,25,0,malignant_epithelial_cell
-220,26,0,malignant_epithelial_cell
-143,26,0,malignant_epithelial_cell
-45,26,0,malignant_epithelial_cell
96,26,0,malignant_epithelial_cell
111,26,0,malignant_epithelial_cell
-245,27,0,malignant_epithelial_cell
-75,27,0,malignant_epithelial_cell
62,27,0,malignant_epithelial_cell
67,27,0,malignant_epithelial_cell
47,28,0,malignant_epithelial_cell
88,29,0,malignant_epithelial_cell
-106,30,0,malignant_epithelial_cell
-65,30,0,malignant_epithelial_cell
-1,30,0,malignant_epithelial_cell
236,30,0,malignant_epithelial_cell
108,31,0,malignant_epithelial_cell
421,31,0,M0_macrophage
-107,32,0,malignant_epithelial_cell
-44,32,0,malignant_epithelial_cell
-39,32,0,malignant_epithelial_cell
92,32,0,malignant_epithelial_cell
113,32,0,malignant_epithelial_cell
158,32,0,malignant_epithelial_cell
208,32,0,malignant_epithelial_cell
252,32,0,malignant_epithelial_cell
-211,33,0,malignant_epithelial_cell
-209,33,0,malignant_epithelial_cell
-185,33,0,malignant_epithelial_cell
-99,33,0,malignant_epithelial_cell
62,33,0,malignant_epithelial_cell
-425,34,0,effector_T_cell
-48,36,0,malignant_epithelial_cell
156,36,0,malignant_epithelial_cell
308,36,0,M0_macrophage
139,37,0,malignant_epithelial_cell
185,37,0,malignant_epithelial_cell
239,37,0,malignant_epithelial_cell
-146,38,0,malignant_epithelial_cell
16,38,0,malignant_epithelial_cell
73,38,0,malignant_epithelial_cell
105,38,0,malignant_epithelial_cell
134,38,0,malignant_epithelial_cell
243,38,0,malignant_epithelial_cell
-275,39,0,malignant_epithelial_cell
-271,39,0,malignant_epithelial_cell
-83,39,0,malignant_epithelial_cell
36,39,0,malignant_epithelial_cell
110,39,0,malignant_epithelial_cell
263,39,0,malignant_epithelial_cell
91,40,0,malignant_epithelial_cell
218,40,0,malignant_epithelial_cell
-424,41,0,effector_T_cell
-194,41,0,malignant_epithelial_cell
177,41,0,malignant_epithelial_cell
223,41,0,malignant_epithelial_cell
294,41,0,malignant_epithelial_cell
-258,42,0,malignant_epithelial_cell
165,42,0,malignant_epithelial_cell
410,42,0,effector_T_cell
47,43,0,malignant_epithelial_cell
-126,45,0,malignant_epithelial_cell
-47,45,0,malignant_epithelial_cell
20,45,0,malignant_epithelial_cell
291,45,0,malignant_epithelial_cell
-280,47,0,malignant_epithelial_cell
-196,47,0,malignant_epithelial_cell
282,47,0,malignant_epithelial_cell
-116,48,0,malignant_epithelial_cell
14,48,0,malignant_epithelial_cell
49,48,0,malignant_epithelial_cell
152,48,0,malignant_epithelial_cell
-89,49,0,malignant_epithelial_cell
-27,49,0,malignant_epithelial_cell
-1,49,0,malignant_epithelial_cell
50,49,0,malignant_epithelial_cell
-291,50,0,malignant_epithelial_cell
24,50,0,malignant_epithelial_cell
-208,51,0,malignant_epithelial_cell
-147,51,0,malignant_epithelial_cell
-84,51,0,malignant_epithelial_cell
-25,51,0,malignant_epithelial_cell
142,51,0,malignant_epithelial_cell
166,51,0,malignant_epithelial_cell
-287,52,0,malignant_epithelial_cell
66,52,0,malignant_epithelial_cell
71,52,0,malignant_epithelial_cell
-241,53,0,malignant_epithelial_cell
11,53,0,malignant_epithelial_cell
94,53,0,malignant_epithelial_cell
142,53,0,malignant_epithelial_cell
144,53,0,malignant_epithelial_cell
220,53,0,malignant_epithelial_cell
-241,54,0,malignant_epithelial_cell
-3,54,0,malignant_epithelial_cell
215,54,0,malignant_epithelial_cell
242,54,0,malignant_epithelial_cell
178,55,0,malignant_epithelial_cell
288,55,0,malignant_epithelial_cell
-244,56,0,malignant_epithelial_cell
-42,56,0,malignant_epithelial_cell
-22,56,0,malignant_epithelial_cell
185,56,0,malignant_epithelial_cell
225,56,0,malignant_epithelial_cell
-213,57,0,malignant_epithelial_cell
-112,57,0,malignant_epithelial_cell
278,57,0,malignant_epithelial_cell
-279,58,0,malignant_epithelial_cell
198,58,0,malignant_epithelial_cell
-102,59,0,malignant_epithelial_cell
-12,59,0,malignant_epithelial_cell
115,60,0,malignant_epithelial_cell
-91,61,0,malignant_epithelial_cell
-12,61,0,malignant_epithelial_cell
11,61,0,malignant_epithelial_cell
-268,62,0,malignant_epithelial_cell
-209,62,0,malignant_epithelial_cell
-206,62,0,malignant_epithelial_cell
-189,62,0,malignant_epithelial_cell
-178,62,0,malignant_epithelial_cell
-81,62,0,malignant_epithelial_cell
119,62,0,malignant_epithelial_cell
-60,63,0,malignant_epithelial_cell
-211,64,0,malignant_epithelial_cell
-117,64,0,malignant_epithelial_cell
-19,64,0,malignant_epithelial_cell
53,64,0,malignant_epithelial_cell
76,64,0,malignant_epithelial_cell
261,64,0,malignant_epithelial_cell
-224,66,0,malignant_epithelial_cell
284,66,0,malignant_epithelial_cell
-319,67,0,M0_macrophage
63,67,0,malignant_epithelial_cell
76,67,0,malignant_epithelial_cell
155,67,0,malignant_epithelial_cell
195,67,0,malignant_epithelial_cell
53,68,0,malignant_epithelial_cell
140,68,0,malignant_epithelial_cell
191,68,0,malignant_epithelial_cell
-220,69,0,malignant_epithelial_cell
98,69,0,malignant_epithelial_cell
155,69,0,malignant_epithelial_cell
193,69,0,malignant_epithelial_cell
273,69,0,malignant_epithelial_cell
-175,70,0,malignant_epithelial_cell
59,70,0,malignant_epithelial_cell
155,70,0,malignant_epithelial_cell
-289,71,0,malignant_epithelial_cell
-82,71,0,malignant_epithelial_cell
200,71,0,malignant_epithelial_cell
-263,72,0,malignant_epithelial_cell
-39,72,0,malignant_epithelial_cell
49,72,0,malignant_epithelial_cell
108,72,0,malignant_epithelial_cell
-225,73,0,malignant_epithelial_cell
-132,73,0,malignant_epithelial_cell
-48,73,0,malignant_epithelial_cell
-144,74,0,malignant_epithelial_cell
0,74,0,malignant_epithelial_cell
256,74,0,malignant_epithelial_cell
-160,75,0,malignant_epithelial_cell
-75,75,0,malignant_epithelial_cell
-40,75,0,malignant_epithelial_cell
143,75,0,malignant_epithelial_cell
166,75,0,malignant_epithelial_cell
-207,76,0,malignant_epithelial_cell
-200,76,0,malignant_epithelial_cell
-80,76,0,malignant_epithelial_cell
116,76,0,malignant_epithelial_cell
-5,77,0,malignant_epithelial_cell
-231,78,0,malignant_epithelial_cell
65,78,0,malignant_epithelial_cell
170,78,0,malignant_epithelial_cell
188,78,0,malignant_epithelial_cell
-210,79,0,malignant_epithelial_cell
-203,79,0,malignant_epithelial_cell
-399,80,0,effector_T_cell
-264,80,0,malignant_epithelial_cell
-263,80,0,malignant_epithelial_cell
-12,80,0,malignant_epithelial_cell
40,80,0,malignant_epithelial_cell
87,80,0,malignant_epithelial_cell
326,80,0,effector_T_cell
-243,81,0,malignant_epithelial_cell
257,81,0,malignant_epithelial_cell
268,81,0,malignant_epithelial_cell
-262,82,0,malignant_epithelial_cell
-222,82,0,malignant_epithelial_cell
194,82,0,malignant_epithelial_cell
263,82,0,malignant_epithelial_cell
60,83,0,malignant_epithelial_cell
253,83,0,malignant_epithelial_cell
156,84,0,malignant_epithelial_cell
230,84,0,malignant_epithelial_cell
256,84,0,malignant_epithelial_cell
-95,85,0,malignant_epithelial_cell
125,85,0,malignant_epithelial_cell
137,85,0,malignant_epithelial_cell
332,85,0,M0_macrophage
-168,86,0,malignant_epithelial_cell
59,86,0,malignant_epithelial_cell
-140,87,0,malignant_epithelial_cell
-6,87,0,malignant_epithelial_cell
158,87,0,malignant_epithelial_cell
-280,88,0,malignant_epithelial_cell
-166,88,0,malignant_epithelial_cell
-87,88,0,malignant_epithelial_cell
140,88,0,malignant_epithelial_cell
188,88,0,malignant_epithelial_cell
174,89,0,malignant_epithelial_cell
-169,90,0,malignant_epithelial_cell
-70,90,0,malignant_epithelial_cell
117,90,0,malignant_epithelial_cell
156,90,0,malignant_epithelial_cell
-243,91,0,malignant_epithelial_cell
-210,91,0,malignant_epithelial_cell
77,91,0,malignant_epithelial_cell
174,91,0,malignant_epithelial_cell
183,91,0,malignant_epithelial_cell
215,91,0,malignant_epithelial_cell
-264,92,0,malignant_epithelial_cell
-246,92,0,malignant_epithelial_cell
1,92,0,malignant_epithelial_cell
162,92,0,malignant_epithelial_cell
225,92,0,malignant_epithelial_cell
-102,93,0,malignant_epithelial_cell
-10,93,0,malignant_epithelial_cell
87,93,0,malignant_epithelial_cell
-262,94,0,malignant_epithelial_cell
-159,94,0,malignant_epithelial_cell
11,94,0,malignant_epithelial_cell
21,94,0,malignant_epithelial_cell
73,94,0,malignant_epithelial_cell
209,94,0,malignant_epithelial_cell
280,94,0,malignant_epithelial_cell
160,95,0,malignant_epithelial_cell
195,95,0,malignant_epithelial_cell
-261,97,0,malignant_epithelial_cell
-99,97,0,malignant_epithelial_cell
-96,97,0,malignant_epithelial_cell
-44,97,0,malignant_epithelial_cell
20,97,0,malignant_epithelial_cell
228,97,0,malignant_epithelial_cell
-266,98,0,malignant_epithelial_cell
-2,98,0,malignant_epithelial_cell
149,98,0,malignant_epithelial_cell
-98,99,0,malignant_epithelial_cell
207,99,0,malignant_epithelial_cell
240,99,0,malignant_epithelial_cell
244,99,0,malignant_epithelial_cell
247,99,0,malignant_epithelial_cell
81,100,0,malignant_epithelial_cell
-220,101,0,malignant_epithelial_cell
-1,101,0,malignant_epithelial_cell
88,101,0,malignant_epithelial_cell
266,101,0,malignant_epithelial_cell
-14,102,0,malignant_epithelial_cell
34,102,0,malignant_epithelial_cell
40,102,0,malignant_epithelial_cell
166,103,0,malignant_epithelial_cell
-264,104,0,malignant_epithelial_cell
-19,104,0,malignant_epithelial_cell
21,104,0,malignant_epithelial_cell
56,104,0,malignant_epithelial_cell
102,104,0,malignant_epithelial_cell
435,104,0,M0_macrophage
-156,105,0,malignant_epithelial_cell
-76,105,0,malignant_epithelial_cell
-69,105,0,malignant_epithelial_cell
94,105,0,malignant_epithelial_cell
150,105,0,malignant_epithelial_cell
273,105,0,malignant_epithelial_cell
-49,106,0,malignant_epithelial_cell
73,106,0,malignant_epithelial_cell
191,106,0,malignant_epithelial_cell
208,106,0,malignant_epithelial_cell
-210,107,0,malignant_epithelial_cell
-46,107,0,malignant_epithelial_cell
25,107,0,malignant_epithelial_cell
-203,108,0,malignant_epithelial_cell
-33,108,0,malignant_epithelial_cell
33,108,0,malignant_epithelial_cell
71,108,0,malignant_epithelial_cell
276,108,0,malignant_epithelial_cell
-277,109,0,malignant_epithelial_cell
-140,109,0,malignant_epithelial_cell
109,109,0,malignant_epithelial_cell
116,109,0,malignant_epithelial_cell
-233,110,0,malignant_epithelial_cell
3,110,0,malignant_epithelial_cell
166,110,0,malignant_epithelial_cell
-275,111,0,malignant_epithelial_cell
224,111,0,malignant_epithelial_cell
-272,112,0,malignant_epithelial_cell
-244,112,0,malignant_epithelial_cell
-230,112,0,malignant_epithelial_cell
-82,112,0,malignant_epithelial_cell
49,112,0,malignant_epithelial_cell
10,113,0,malignant_epithelial_cell
229,113,0,malignant_epithelial_cell
142,114,0,malignant_epithelial_cell
265,114,0,malignant_epithelial_cell
358,114,0,effector_T_cell
-240,115,0,malignant_epithelial_cell
-149,115,0,malignant_epithelial_cell
-111,115,0,malignant_epithelial_cell
-271,116,0,malignant_epithelial_cell
-188,116,0,malignant_epithelial_cell
191,116,0,malignant_epithelial_cell
-191,117,0,malignant_epithelial_cell
249,117,0,malignant_epithelial_cell
256,117,0,malignant_epithelial_cell
49,118,0,malignant_epithelial_cell
56,118,0,malignant_epithelial_cell
181,118,0,malignant_epithelial_cell
-246,119,0,malignant_epithelial_cell
-44,119,0,malignant_epithelial_cell
15,119,0,malignant_epithelial_cell
173,119,0,malignant_epithelial_cell
237,119,0,malignant_epithelial_cell
-299,120,0,effector_T_cell
-244,120,0,malignant_epithelial_cell
-89,120,0,malignant_epithelial_cell
20,120,0,malignant_epithelial_cell
256,120,0,malignant_epithelial_cell
-62,121,0,malignant_epithelial_cell
-23,121,0,malignant_epithelial_cell
-14,121,0,malignant_epithelial_cell
-154,122,0,malignant_epithelial_cell
102,122,0,malignant_epithelial_cell
184,122,0,malignant_epithelial_cell
-257,123,0,malignant_epithelial_cell
-228,123,0,malignant_epithelial_cell
-79,123,0,malignant_epithelial_cell
187,123,0,malignant_epithelial_cell
188,125,0,malignant_epithelial_cell
205,125,0,malignant_epithelial_cell
267,125,0,malignant_epithelial_cell
-266,126,0,malignant_epithelial_cell
-171,126,0,malignant_epithelial_cell
10,126,0,malignant_epithelial_cell
38,126,0,malignant_epithelial_cell
-217,127,0,malignant_epithelial_cell
-85,127,0,malignant_epithelial_cell
165,127,0,malignant_epithelial_cell
223,127,0,malignant_epithelial_cell
65,128,0,malignant_epithelial_cell
-250,129,0,malignant_epithelial_cell
-20,129,0,malignant_epithelial_cell
9,130,0,malignant_epithelial_cell
29,130,0,malignant_epithelial_cell
-241,132,0,malignant_epithelial_cell
-86,132,0,malignant_epithelial_cell
-80,132,0,malignant_epithelial_cell
110,132,0,malignant_epithelial_cell
-50,133,0,malignant_epithelial_cell
-25,133,0,malignant_epithelial_cell
-188,134,0,malignant_epithelial_cell
-149,134,0,malignant_epithelial_cell
-122,134,0,malignant_epithelial_cell
126,134,0,malignant_epithelial_cell
-326,135,0,effector_T_cell
-183,135,0,malignant_epithelial_cell
224,135,0,malignant_epithelial_cell
106,136,0,malignant_epithelial_cell
149,136,0,malignant_epithelial_cell
-160,137,0,malignant_epithelial_cell
32,137,0,malignant_epithelial_cell
184,137,0,malignant_epithelial_cell
199,137,0,malignant_epithelial_cell
-27,138,0,malignant_epithelial_cell
8,138,0,malignant_epithelial_cell
138,138,0,malignant_epithelial_cell
-241,139,0,malignant_epithelial_cell
-159,139,0,malignant_epithelial_cell
81,139,0,malignant_epithelial_cell
177,139,0,malignant_epithelial_cell
-239,140,0,malignant_epithelial_cell
-225,140,0,malignant_epithelial_cell
-133,140,0,malignant_epithelial_cell
-6,140,0,malignant_epithelial_cell
148,140,0,malignant_epithelial_cell
-416,141,0,effector_T_cell
-158,141,0,malignant_epithelial_cell
-21,141,0,malignant_epithelial_cell
86,141,0,malignant_epithelial_cell
196,141,0,malignant_epithelial_cell
369,141,0,effector_T_cell
-218,142,0,malignant_epithelial_cell
-95,142,0,malignant_epithelial_cell
-85,142,0,malignant_epithelial_cell
-7,142,0,malignant_epithelial_cell
51,143,0,malignant_epithelial_cell
52,143,0,malignant_epithelial_cell
191,143,0,malignant_epithelial_cell
-257,144,0,malignant_epithelial_cell
-251,145,0,malignant_epithelial_cell
100,145,0,malignant_epithelial_cell
232,145,0,malignant_epithelial_cell
-128,146,0,malignant_epithelial_cell
-30,146,0,malignant_epithelial_cell
-164,147,0,malignant_epithelial_cell
-8,147,0,malignant_epithelial_cell
30,147,0,malignant_epithelial_cell
107,147,0,malignant_epithelial_cell
175,147,0,malignant_epithelial_cell
-233,148,0,malignant_epithelial_cell
-47,148,0,malignant_epithelial_cell
26,148,0,malignant_epithelial_cell
254,148,0,malignant_epithelial_cell
419,148,0,effector_T_cell
-348,149,0,effector_T_cell
-148,149,0,malignant_epithelial_cell
242,149,0,malignant_epithelial_cell
-208,151,0,malignant_epithelial_cell
-57,151,0,malignant_epithelial_cell
-8,151,0,malignant_epithelial_cell
175,151,0,malignant_epithelial_cell
216,151,0,malignant_epithelial_cell
-223,152,0,malignant_epithelial_cell
-191,153,0,malignant_epithelial_cell
190,153,0,malignant_epithelial_cell
-116,154,0,malignant_epithelial_cell
49,154,0,malignant_epithelial_cell
-185,155,0,malignant_epithelial_cell
-155,155,0,malignant_epithelial_cell
-6,155,0,malignant_epithelial_cell
-69,156,0,malignant_epithelial_cell
89,156,0,malignant_epithelial_cell
82,157,0,malignant_epithelial_cell
-108,158,0,malignant_epithelial_cell
-228,159,0,malignant_epithelial_cell
34,159,0,malignant_epithelial_cell
110,159,0,malignant_epithelial_cell
280,159,0,M0_macrophage
-180,160,0,malignant_epithelial_cell
-12,160,0,malignant_epithelial_cell
-143,161,0,malignant_epithelial_cell
-68,161,0,malignant_epithelial_cell
98,161,0,malignant_epithelial_cell
158,161,0,malignant_epithelial_cell
-160,162,0,malignant_epithelial_cell
-112,163,0,malignant_epithelial_cell
-108,163,0,malignant_epithelial_cell
123,164,0,malignant_epithelial_cell
223,164,0,malignant_epithelial_cell
-57,165,0,malignant_epithelial_cell
30,165,0,malignant_epithelial_cell
246,165,0,malignant_epithelial_cell
-153,166,0,malignant_epithelial_cell
-125,166,0,malignant_epithelial_cell
-43,166,0,malignant_epithelial_cell
-7,166,0,malignant_epithelial_cell
159,166,0,malignant_epithelial_cell
181,167,0,malignant_epithelial_cell
223,167,0,malignant_epithelial_cell
224,167,0,malignant_epithelial_cell
-122,168,0,malignant_epithelial_cell
181,168,0,malignant_epithelial_cell
213,168,0,malignant_epithelial_cell
67,169,0,malignant_epithelial_cell
105,169,0,malignant_epithelial_cell
-169,170,0,malignant_epithelial_cell
153,170,0,malignant_epithelial_cell
-142,171,0,malignant_epithelial_cell
-79,171,0,malignant_epithelial_cell
23,171,0,malignant_epithelial_cell
223,171,0,malignant_epithelial_cell
227,171,0,malignant_epithelial_cell
-178,172,0,malignant_epithelial_cell
-12,172,0,malignant_epithelial_cell
174,172,0,malignant_epithelial_cell
3,173,0,malignant_epithelial_cell
239,173,0,malignant_epithelial_cell
51,174,0,malignant_epithelial_cell
-82,175,0,malignant_epithelial_cell
61,175,0,malignant_epithelial_cell
72,175,0,malignant_epithelial_cell
171,176,0,malignant_epithelial_cell
224,176,0,malignant_epithelial_cell
8,177,0,malignant_epithelial_cell
-40,178,0,malignant_epithelial_cell
20,178,0,malignant_epithelial_cell
60,178,0,malignant_epithelial_cell
154,179,0,malignant_epithelial_cell
220,180,0,malignant_epithelial_cell
-121,181,0,malignant_epithelial_cell
-74,181,0,malignant_epithelial_cell
142,181,0,malignant_epithelial_cell
-227,182,0,malignant_epithelial_cell
-62,183,0,malignant_epithelial_cell
-66,184,0,malignant_epithelial_cell
107,184,0,malignant_epithelial_cell
-33,185,0,malignant_epithelial_cell
132,186,0,malignant_epithelial_cell
2,187,0,malignant_epithelial_cell
18,188,0,malignant_epithelial_cell
65,188,0,malignant_epithelial_cell
167,188,0,malignant_epithelial_cell
-48,189,0,malignant_epithelial_cell
-12,189,0,malignant_epithelial_cell
-230,190,0,malignant_epithelial_cell
-223,190,0,malignant_epithelial_cell
-218,190,0,malignant_epithelial_cell
-156,190,0,malignant_epithelial_cell
95,190,0,malignant_epithelial_cell
361,190,0,effector_T_cell
69,191,0,malignant_epithelial_cell
74,191,0,malignant_epithelial_cell
245,191,0,effector_T_cell
-52,192,0,malignant_epithelial_cell
112,192,0,malignant_epithelial_cell
-109,193,0,malignant_epithelial_cell
-76,193,0,malignant_epithelial_cell
62,193,0,malignant_epithelial_cell
-23,194,0,malignant_epithelial_cell
61,194,0,malignant_epithelial_cell
126,194,0,malignant_epithelial_cell
99,195,0,malignant_epithelial_cell
173,195,0,malignant_epithelial_cell
-54,196,0,malignant_epithelial_cell
72,197,0,malignant_epithelial_cell
183,197,0,malignant_epithelial_cell
196,197,0,malignant_epithelial_cell
-77,198,0,malignant_epithelial_cell
-8,198,0,malignant_epithelial_cell
395,198,0,effector_T_cell
-191,199,0,malignant_epithelial_cell
-154,199,0,malignant_epithelial_cell
-126,199,0,malignant_epithelial_cell
-168,200,0,malignant_epithelial_cell
-30,200,0,malignant_epithelial_cell
154,200,0,malignant_epithelial_cell
206,202,0,malignant_epithelial_cell
-201,203,0,malignant_epithelial_cell
81,203,0,malignant_epithelial_cell
196,204,0,malignant_epithelial_cell
-165,205,0,malignant_epithelial_cell
-138,205,0,malignant_epithelial_cell
58,205,0,malignant_epithelial_cell
159,205,0,malignant_epithelial_cell
24,207,0,malignant_epithelial_cell
162,207,0,malignant_epithelial_cell
-33,208,0,malignant_epithelial_cell
-39,209,0,malignant_epithelial_cell
71,209,0,malignant_epithelial_cell
181,210,0,malignant_epithelial_cell
186,210,0,malignant_epithelial_cell
98,211,0,malignant_epithelial_cell
21,212,0,malignant_epithelial_cell
121,212,0,malignant_epithelial_cell
-142,213,0,malignant_epithelial_cell
-21,214,0,malignant_epithelial_cell
-1,214,0,malignant_epithelial_cell
199,214,0,malignant_epithelial_cell
126,215,0,malignant_epithelial_cell
-59,217,0,malignant_epithelial_cell
145,217,0,malignant_epithelial_cell
183,217,0,malignant_epithelial_cell
-278,218,0,effector_T_cell
-66,218,0,malignant_epithelial_cell
317,218,0,effector_T_cell
-100,219,0,malignant_epithelial_cell
-37,219,0,malignant_epithelial_cell
99,219,0,malignant_epithelial_cell
179,219,0,malignant_epithelial_cell
-121,220,0,malignant_epithelial_cell
-76,220,0,malignant_epithelial_cell
12,220,0,malignant_epithelial_cell
97,220,0,malignant_epithelial_cell
36,221,0,malignant_epithelial_cell
88,221,0,malignant_epithelial_cell
-76,222,0,malignant_epithelial_cell
-38,222,0,malignant_epithelial_cell
132,222,0,malignant_epithelial_cell
-36,223,0,malignant_epithelial_cell
83,223,0,malignant_epithelial_cell
173,223,0,malignant_epithelial_cell
-327,224,0,effector_T_cell
-160,224,0,malignant_epithelial_cell
-159,224,0,malignant_epithelial_cell
-143,225,0,malignant_epithelial_cell
118,225,0,malignant_epithelial_cell
86,226,0,malignant_epithelial_cell
-117,228,0,malignant_epithelial_cell
-112,229,0,malignant_epithelial_cell
-109,229,0,malignant_epithelial_cell
-121,230,0,malignant_epithelial_cell
-98,230,0,malignant_epithelial_cell
-29,230,0,malignant_epithelial_cell
-46,231,0,malignant_epithelial_cell
-22,231,0,malignant_epithelial_cell
10,231,0,malignant_epithelial_cell
167,231,0,malignant_epithelial_cell
-137,232,0,malignant_epithelial_cell
-44,233,0,malignant_epithelial_cell
61,233,0,malignant_epithelial_cell
73,233,0,malignant_epithelial_cell
-73,234,0,malignant_epithelial_cell
-182,235,0,malignant_epithelial_cell
-3,236,0,malignant_epithelial_cell
-144,237,0,malignant_epithelial_cell
-59,237,0,malignant_epithelial_cell
-121,238,0,malignant_epithelial_cell
47,238,0,malignant_epithelial_cell
140,238,0,malignant_epithelial_cell
154,238,0,malignant_epithelial_cell
-176,239,0,malignant_epithelial_cell
168,239,0,malignant_epithelial_cell
-118,240,0,malignant_epithelial_cell
33,240,0,malignant_epithelial_cell
-152,241,0,malignant_epithelial_cell
-147,241,0,malignant_epithelial_cell
-91,241,0,malignant_epithelial_cell
88,241,0,malignant_epithelial_cell
-127,242,0,malignant_epithelial_cell
-117,242,0,malignant_epithelial_cell
46,242,0,malignant_epithelial_cell
-100,244,0,malignant_epithelial_cell
137,244,0,malignant_epithelial_cell
233,244,0,M0_macrophage
-204,245,0,M0_macrophage
67,246,0,malignant_epithelial_cell
169,246,0,malignant_epithelial_cell
-112,247,0,malignant_epithelial_cell
-80,247,0,malignant_epithelial_cell
76,247,0,malignant_epithelial_cell
115,247,0,malignant_epithelial_cell
-31,248,0,malignant_epithelial_cell
-27,248,0,malignant_epithelial_cell
-47,249,0,malignant_epithelial_cell
-162,250,0,malignant_epithelial_cell
-125,250,0,malignant_epithelial_cell
-58,250,0,malignant_epithelial_cell
1,250,0,malignant_epithelial_cell
71,250,0,malignant_epithelial_cell
142,250,0,malignant_epithelial_cell
-81,251,0,malignant_epithelial_cell
-364,252,0,effector_T_cell
-340,252,0,effector_T_cell
-47,252,0,malignant_epithelial_cell
-41,252,0,malignant_epithelial_cell
55,252,0,malignant_epithelial_cell
76,252,0,malignant_epithelial_cell
148,252,0,malignant_epithelial_cell
112,253,0,malignant_epithelial_cell
144,253,0,malignant_epithelial_cell
358,253,0,effector_T_cell
-149,254,0,malignant_epithelial_cell
-56,254,0,malignant_epithelial_cell
42,255,0,malignant_epithelial_cell
95,255,0,malignant_epithelial_cell
22,256,0,malignant_epithelial_cell
-60,258,0,malignant_epithelial_cell
-10,258,0,malignant_epithelial_cell
4,258,0,malignant_epithelial_cell
13,258,0,malignant_epithelial_cell
365,258,0,effector_T_cell
-84,259,0,malignant_epithelial_cell
-32,259,0,malignant_epithelial_cell
-324,260,0,M0_macrophage
-28,260,0,malignant_epithelial_cell
120,260,0,malignant_epithelial_cell
4,261,0,malignant_epithelial_cell
35,261,0,malignant_epithelial_cell
91,261,0,malignant_epithelial_cell
-34,262,0,malignant_epithelial_cell
-33,262,0,malignant_epithelial_cell
-281,263,0,effector_T_cell
-125,264,0,malignant_epithelial_cell
-98,265,0,malignant_epithelial_cell
-125,266,0,malignant_epithelial_cell
119,266,0,malignant_epithelial_cell
-109,267,0,malignant_epithelial_cell
111,267,0,malignant_epithelial_cell
135,267,0,malignant_epithelial_cell
27,269,0,malignant_epithelial_cell
159,269,0,effector_T_cell
-300,271,0,effector_T_cell
-21,271,0,malignant_epithelial_cell
111,271,0,malignant_epithelial_cell
-23,272,0,malignant_epithelial_cell
-20,272,0,malignant_epithelial_cell
50,273,0,malignant_epithelial_cell
-8,275,0,malignant_epithelial_cell
276,275,0,effector_T_cell
-81,276,0,malignant_epithelial_cell
-1,276,0,malignant_epithelial_cell
75,276,0,malignant_epithelial_cell
96,276,0,malignant_epithelial_cell
-20,277,0,malignant_epithelial_cell
-14,278,0,malignant_epithelial_cell
95,278,0,malignant_epithelial_cell
-20,279,0,malignant_epithelial_cell
-2,279,0,malignant_epithelial_cell
35,279,0,malignant_epithelial_cell
43,279,0,malignant_epithelial_cell
14,280,0,malignant_epithelial_cell
16,280,0,malignant_epithelial_cell
-19,281,0,malignant_epithelial_cell
86,281,0,malignant_epithelial_cell
-79,283,0,malignant_epithelial_cell
-2,283,0,malignant_epithelial_cell
-92,284,0,malignant_epithelial_cell
40,284,0,malignant_epithelial_cell
-32,285,0,malignant_epithelial_cell
-324,286,0,M0_macrophage
-295,286,0,effector_T_cell
-59,286,0,malignant_epithelial_cell
329,286,0,effector_T_cell
-27,287,0,malignant_epithelial_cell
-19,287,0,malignant_epithelial_cell
-248,288,0,effector_T_cell
22,288,0,malignant_epithelial_cell
27,288,0,malignant_epithelial_cell
31,288,0,malignant_epithelial_cell
76,290,0,malignant_epithelial_cell
-62,292,0,malignant_epithelial_cell
53,292,0,malignant_epithelial_cell
209,292,0,effector_T_cell
32,294,0,malignant_epithelial_cell
-40,297,0,malignant_epithelial_cell
-28,298,0,malignant_epithelial_cell
105,303,0,M0_macrophage
-200,306,0,M0_macrophage
7,311,0,effector_T_cell
33,311,0,effector_T_cell
-132,313,0,effector_T_cell
243,313,0,effector_T_cell
-285,316,0,effector_T_cell
-191,319,0,M0_macrophage
232,319,0,effector_T_cell
163,325,0,effector_T_cell
-222,328,0,effector_T_cell
-125,329,0,effector_T_cell
98,330,0,effector_T_cell
89,331,0,effector_T_cell
-226,334,0,effector_T_cell
-168,337,0,effector_T_cell
173,340,0,effector_T_cell
-150,341,0,M0_macrophage
109,347,0,effector_T_cell
226,355,0,effector_T_cell
-233,377,0,effector_T_cell
186,378,0,M0_macrophage
112,380,0,M0_macrophage
-91,386,0,effector_T_cell
70,389,0,effector_T_cell
92,391,0,effector_T_cell
42,393,0,effector_T_cell
126,394,0,effector_T_cell
74,400,0,M0_macrophage
118,404,0,effector_T_cell
-152,407,0,effector_T_cell
-68,419,0,M0_macrophage
-88,428,0,effector_T_cell
74,437,0,effector_T_cell
